compound,optimal_stint_length,baseline_time
SOFT,28,90.10448212120025
MEDIUM,29,90.78075071971007
HARD,24,91.63425348373501
INTERMEDIATE,14,93.38076909371289
