compound,degradation_rate,correlation,sample_size
SOFT,0.04206364695744849,0.9767693880499408,5218
MEDIUM,0.024754319203097473,0.9617511890141002,4903
HARD,0.04664021961010872,0.8008066553880432,5088
INTERMEDIATE,0.08824329517214279,0.749731326915788,971
